Song Title,Date,Language
Captivated,1/1/12,English
In Christ Alone,1/1/12,English
Nothing but the blood of Jesus,1/1/12,English
Que seria de mi,1/1/12,Spanish
Si hubiera estado alli,1/1/12,Spanish
Create In Me a Clean Heart,1/8/12,Both
Dame tus ojos,1/8/12,Spanish
Follow You,1/8/12,English
I am free,1/8/12,English
Tal como soy,1/8/12,Spanish
How He Loves Us,1/15/12,English
I am free,1/15/12,English
No Es Como Yo,1/15/12,Spanish
Our God,1/15/12,Both
Que seria de mi,1/15/12,Spanish
Aumenta mi fe,1/22/12,Spanish
House of God Forever,1/22/12,English
Mi Herencia,1/22/12,Spanish
Tal como soy,1/22/12,Spanish
The Solid Rock,1/22/12,English
Tu fidelidad,1/22/12,Spanish
Aumenta mi fe,1/29/12,Spanish
Dame tus ojos,1/29/12,Spanish
In Christ Alone,1/29/12,English
Sera Llena La Tierra,1/29/12,Spanish
Your Love Is Strong,1/29/12,English
Beautiful,2/5/12,English
Eres Todopoderoso,2/5/12,Spanish
I am free,2/5/12,English
Nothing but the blood of Jesus,2/5/12,English
Take My Life,2/5/12,Spanish
Llenas Mi Ser,2/12/12,Spanish
Lord Reign In Me,2/12/12,English
Me Has Atraido Jesus,2/12/12,Spanish
Mi Jesus Mi Amado,2/12/12,Spanish
Romans 7,2/12/12,English
Free (Hillsong United),2/19/12,English
Lord Reign In Me,2/19/12,English
Nothing but the blood of Jesus,2/19/12,Spanish
Our God,2/19/12,Both
Quien nos Separara?,2/19/12,Spanish
Before the Throne,2/26/12,English
In Christ Alone,2/26/12,English
Me Has Atraido Jesus,2/26/12,Spanish
Quien nos Separara?,2/26/12,Spanish
Take My Life,2/26/12,Spanish
Aumenta mi fe,3/4/12,Spanish
Beautiful,3/4/12,English
Blessed Be Your Name,3/4/12,Both
None But Jesus,3/4/12,English
The Potter's Hand,3/4/12,English
Awesome is the Lord Most High,3/11/12,English
Jesus es el Senor,3/11/12,Spanish
Mighty to Save,3/11/12,Spanish
Spirit of the Living God,3/11/12,English
We Speak to Nations,3/11/12,English
Days of Elijah,3/18/12,English
Indescribable,3/18/12,English
Lion of Judah,3/18/12,English
Mighty to Save,3/18/12,English
Renuevame,3/18/12,Spanish
Take My Life,3/25/12,Spanish
The Solid Rock,3/25/12,English
Hosanna (Baloche),4/1/12,English
Mantos y Palmas,4/1/12,Spanish
Si hubiera estado alli,4/1/12,Spanish
Sing for Joy,4/1/12,English
Yo Quiero Mas De Ti,4/1/12,Spanish
Because He Lives,4/8/12,English
Christ the Lord is Risen Today,4/8/12,English
He Lives,4/8/12,English
Praise the Name of Jesus,4/8/12,English
Rise,4/8/12,English
Everlasting God,4/15/12,English
Mighty to Save,4/15/12,Spanish
None But Jesus,4/15/12,Spanish
Sing for Joy,4/15/12,English
Yo Quiero Mas De Ti,4/15/12,Spanish
Isaiah 43,4/22/12,English
Lead Me To The Cross,4/22/12,Spanish
Prince of Peace,4/22/12,Spanish
Renuevame,4/22/12,Spanish
The Solid Rock,4/22/12,English
How He Loves Us,4/29/12,English
Isaiah 43,4/29/12,English
Oh Moradora de Sion,4/29/12,Spanish
Prince of Peace,4/29/12,Spanish
Sing for Joy,4/29/12,English
Beautiful,5/6/12,English
Me Has Atraido Jesus,5/6/12,Spanish
None But Jesus,5/6/12,Spanish
Our God,5/6/12,Both
Prince of Peace,5/6/12,English
How Great Thou Art,5/13/12,Both
Indescribable,5/13/12,English
Lion of Judah,5/13/12,English
Pan de Vida,5/13/12,Spanish
Revelation Song,5/13/12,Both
Blessed Be Your Name,5/20/12,Both
How Great Thou Art,5/20/12,Both
Isaiah 43,5/20/12,English
Refine Me,5/20/12,English
Revelation Song,5/20/12,Spanish
Beautiful,5/27/12,English
Eres Tu,5/27/12,Spanish
Es Por Tu Gracia,5/27/12,Spanish
How Deep the Father's Love for Us,5/27/12,English
Our God,5/27/12,Both
Follow You,6/3/12,English
I am free,6/3/12,English
Montana,6/3/12,Spanish
Oh Moradora de Sion,6/3/12,Spanish
On Jordan's Stormy Banks,6/3/12,English
Desert Song,6/10/12,Spanish
Oh Love That Will Not Let Me Go,6/10/12,Spanish
On Jordan's Stormy Banks,6/10/12,English
Sing for Joy,6/10/12,Both
You Never Let Go,6/10/12,English
God is Alive,6/17/12,English
How Great Thou Art,6/17/12,Both
Llenas Mi Ser,6/17/12,Spanish
Prince of Peace,6/17/12,English
The One You Need,6/17/12,English
Blessed Be Your Name,6/24/12,Both
Desert Song,6/24/12,Spanish
God is Alive,6/24/12,English
Tengo Libertad,6/24/12,Spanish
This Life,6/24/12,English
Beautiful,7/1/12,English
El Volvera,7/1/12,Spanish
Eres Todopoderoso,7/1/12,Spanish
Eres Tu,7/1/12,Spanish
I Will Rise,7/1/12,English
You'll Come,7/1/12,English
Cuan Bello Es El Senor,7/8/12,Spanish
El Volvera,7/8/12,Spanish
Everlasting God,7/8/12,English
He Is Faithful,7/8/12,English
Lord Reign In Me,7/8/12,English
You'll Come,7/8/12,English
Lord Reign In Me,7/15/12,English
El Volvera,7/22/12,Spanish
On Jordan's Stormy Banks,7/22/12,English
Sera Llena La Tierra,7/22/12,Spanish
Sing to the King,7/22/12,Both
You'll Come,7/22/12,English
Cuan Bello Es El Senor,7/29/12,Spanish
I Will Rise,7/29/12,English
Make My Life a Prayer To You,7/29/12,English
Sing For Joy,7/29/12,Both
Sing to the King,7/29/12,Both
Arise My Soul Arise,8/5/12,English
Cuan Bello Es El Senor,8/5/12,Spanish
Everlasting God,8/5/12,English
Oh Moradora de Sion,8/5/12,Spanish
Your Grace Is Enough,8/5/12,Spanish
Create In Me a Clean Heart,8/12/12,Both
God Be Merciful to Me,8/12/12,English
Sing to the King,8/12/12,Both
You Never Let Go,8/12/12,English
Your Grace Is Enough,8/12/12,Spanish
Beautiful,8/19/12,English
Before There Was Time,8/19/12,English
Blessed Be Your Name,8/19/12,Both
Eres Todopoderoso,8/19/12,Spanish
Nothing But the Blood of Jesus,8/19/12,Spanish
Indescribable,8/26/12,Both
Jehova Senor de los Cielos,8/26/12,Spanish
Jesus All For Jesus,8/26/12,English
Sing Alleluia,8/26/12,Both
The Stand,8/26/12,English
Arise My Soul Arise,9/2/12,English
Before the Throne,9/2/12,English
By His Wounds,9/2/12,English
Sumergeme,9/2/12,Spanish
Your Grace Is Enough,9/2/12,Spanish
A Quien Ire,9/9/12,Spanish
From the Inside Out,9/9/12,Both
God is Able,9/9/12,English
I Will Rise,9/9/12,English
Mighty to Save,9/9/12,Spanish
Did You Feel the Mountains Tremble,9/16/12,English
From the Inside Out,9/16/12,Spanish
God is Able,9/16/12,English
Sumergeme,9/16/12,Spanish
Your Grace Is Enough,9/16/12,Spanish
Aumenta mi fe,9/23/12,Spanish
Desert Song,9/23/12,Spanish
House of God Forever,9/23/12,English
Montana,9/23/12,Spanish
The Solid Rock,9/23/12,English
Aumenta mi fe,9/30/12,Spanish
Days of Elijah,9/30/12,Both
Fill Me Up,9/30/12,English
In Remembrance of Me,9/30/12,English
Oh Moradora de Sion,9/30/12,Spanish
Canaan Bound,10/7/12,English
Did You Feel the Mountains Tremble,10/7/12,English
El Volvera,10/7/12,Spanish
Fill Me Up,10/7/12,English
God Is Able,10/7/12,Spanish
Create In Me a Clean Heart,10/14/12,Both
Doxology,10/14/12,English
From the Inside Out,10/14/12,Spanish
Take My Life,10/14/12,English
Unto the Hills Around Do I Lift Up,10/14/12,English
Blessed Assurance - En Jesucristo,10/21/12,Both
God Is Able,10/21/12,Spanish
Hallelujah,10/21/12,Spanish
How He Loves Us,10/21/12,English
The Stand,10/21/12,Spanish
You Never Let Go,10/21/12,English
Amazing Grace,10/28/2012,English
How Great Thou Art,10/28/2012,Both
Praise to the Lord Almighty,10/28/2012,English
Prince of Peace,10/28/2012,Spanish
Revelation Song,10/28/2012,Spanish
"10,000 Reasons",11/4/2012,English
Amazing Grace,11/4/2012,Spanish
I am free,11/4/2012,English
Jesus All For Jesus,11/4/2012,Both
Llenas Mi Ser,11/4/2012,Spanish
"10,000 Reasons",11/11/2012,English
In Christ Alone,11/11/2012,English
No Es Como Yo,11/11/2012,Spanish
Revelation Song,11/11/2012,Spanish
Sera Llena La Tierra,11/11/2012,Spanish
Cantare de tu Amor,11/18/2012,Spanish
Give Us Clean Hands,11/18/2012,English
Gracias,11/18/2012,Spanish
How He Loves Us,11/18/2012,English
Eres Todopoderoso,11/18/2012,Spanish
Come Thou Long Expected Jesus,11/25/2012,English
God is Able,11/25/2012,Spanish
Joy To The World,11/25/2012,Both
O Come O Come Emmanuel,11/25/2012,Both
You'll Come,11/25/2012,English
Great Is Thy Faithfulness,12/2/2012,Both
He Reigns,12/2/2012,English
Joy To The World,12/2/2012,Both
Sing for Joy,12/2/2012,Spanish
What Child is This,12/2/2012,Both
A Quien Ire,12/9/2012,Spanish
Hark the Herald Angels Sing,12/9/2012,Both
He Reigns,12/9/2012,English
Lion of Judah,12/9/2012,English
Suenen Dulces Himnos,12/9/2012,Spanish
Give Us Clean Hands,12/16/2012,English
God is Able,12/16/2012,English
Hark the Herald Angels Sing,12/16/2012,Both
Renuevame,12/16/2012,Spanish
Suenen Dulces Himnos,12/16/2012,Spanish
Days of Elijah,12/23/2012,Both
Go Tell It On The Mountain,12/23/2012,Both
God of Wonders,12/23/2012,English
Joy To The World,12/23/2012,Both
O Come O Come Emmanuel,12/23/2012,Both
O Come O Come Emmanuel,12/24/2012,Both
What Child is This,12/24/2012,Both
O Holy Night,12/24/2012,Both
Silent Night,12/24/2012,Both
Jingle Bells,12/24/2012,Both
Go Tell It On The Mountain,12/24/2012,Both
Angels We Have Heard on High,12/24/2012,Both
O Come All Ye Faithful,12/24/2012,Both
"10,000 Reasons",12/30/2012,English
Did You Feel the Mountains Tremble,12/30/2012,English
El Volvera,12/30/2012,Spanish
Es Por Tu Gracia,12/30/2012,Spanish
Sing for Joy,12/30/2012,Spanish
God is Able,1/6/2013,Spanish
King of Glory - Tomlin,1/6/2013,English
None But Jesus,1/6/2013,Spanish
O Worship the King,1/6/2013,English
Our God,1/6/2013,Both
Better is One Day,1/13/2013,Spanish
King of Glory - Tomlin,1/13/2013,English
Prince of Peace,1/13/2013,Spanish
Sera Llena La Tierra,1/13/2013,Spanish
The Glory of Your Name,1/13/2013,English
Amazing Grace,1/20/2013,English
Como la brisa,1/20/2013,Spanish
Eres Fiel,1/20/2013,Spanish
Prince of Peace,1/20/2013,Spanish
Redeemed,1/20/2013,English
Desert Song,1/27/2013,Spanish
Eres Fiel,1/27/2013,Spanish
Great Is Thy Faithfulness,1/27/2013,Both
He Reigns,1/27/2013,English
King of Glory - Third Day,1/27/2013,English
Doxology,2/3/2013,Both
How Great is our God,2/3/2013,Both
How Great Thou Art,2/3/2013,Both
Indescribable,2/3/2013,Both
No Es Como Yo,2/3/2013,Spanish
Come Thou Fount,2/10/2013,English
Fill Me Up,2/10/2013,English
Pan de Vida,2/10/2013,Spanish
Sing for Joy,2/10/2013,Spanish
Your Grace Is Enough,2/10/2013,Spanish
Be Thou My Vision,2/17/2013,English
He Reigns,2/17/2013,English
"My Savior, My God",2/17/2013,English
Open the Eyes of My Heart,2/17/2013,Spanish
Revelation Song,2/17/2013,Spanish
A Quien Ire,2/24/2013,Spanish
Here I Am to Worship,2/24/2013,Both
How Great is our God,2/24/2013,Both
Oh Love That Will Not Let Me Go,2/24/2013,Spanish
Your Great Name,2/24/2013,English
Amazing Grace,3/3/2013,English
Blessed Be Your Name,3/3/2013,Both
Came To My Rescue,3/3/2013,Both
It Is Well,3/3/2013,Both
Tu Nos Creaste,3/3/2013,Spanish
Arise My Soul Arise,3/10/2013,English
How Deep the Father's Love for Us,3/10/2013,English
Love Like Fire,3/10/2013,Spanish
Me Has Atraido Jesus,3/10/2013,Spanish
Oh Love That Will Not Let Me Go,3/10/2013,Spanish
God is Alive,3/17/2013,English
In Christ Alone,3/17/2013,English
Jesus es el Senor,3/17/2013,Spanish
Love Like Fire,3/17/2013,Spanish
"My Savior, My God",3/17/2013,English
By His Wounds,3/24/2013,English
"Holy, Holy, Holy",3/24/2013,Both
Hosanna (Hillsong),3/24/2013,English
Mi Jesus Mi Amado,3/24/2013,Spanish
Prince of Peace,3/24/2013,Spanish
God is Alive,3/31/2013,English
Hosanna (Baloche),3/31/2013,English
Jesus Paid It All,3/31/2013,English
Mighty to Save,3/31/2013,Spanish
The Stand,3/31/2013,Spanish
Beautiful Scandalous Night,4/7/2013,English
Hands and Feet,4/7/2013,English
He Reigns,4/7/2013,English
"Holy, Holy, Holy",4/7/2013,Both
Love Like Fire,4/7/2013,Spanish
Sera Llena La Tierra,4/7/2013,Spanish
Arise My Soul Arise,4/14/2013,English
God is Alive,4/14/2013,Spanish
How Deep the Father's Love for Us,4/14/2013,English
Reinas por la Eternidad,4/14/2013,Spanish
Show Us Christ,4/14/2013,English
Creed,4/21/2013,English
Dame tus ojos,4/21/2013,Spanish
Great Is Thy Faithfulness,4/21/2013,Both
How Great is our God,4/21/2013,Both
Reinas por la Eternidad,4/21/2013,Spanish
Aumenta mi fe,4/28/2013,Spanish
Beautiful Savior,4/28/2013,English
On Fire,4/28/2013,English
Open the Eyes of My Heart,4/28/2013,Both
Revelation Song,4/28/2013,Spanish
Crown Him With Many Crowns,5/5/2013,Spanish
Eres Tu,5/5/2013,Spanish
Lead Me To The Cross,5/5/2013,English
Lord Reign In Me,5/5/2013,English
Prince of Peace,5/5/2013,Both
Cada Manana,5/12/2013,Spanish
I Stand Amazed,5/12/2013,English
Jesus Paid It All,5/12/2013,English
Me Has Atraido Jesus,5/12/2013,Spanish
Sing to the King,5/12/2013,Both
Hosanna (Hillsong),5/19/2013,English
In Christ Alone,5/19/2013,English
Our God,5/19/2013,Both
Sera Llena La Tierra,5/19/2013,Spanish
Spirit of the Living God,5/19/2013,Spanish
A Mighty Fortress,5/26/2013,Both
Fill Me Up,5/26/2013,English
Sumergeme,5/26/2013,Spanish
You Never Let Go,5/26/2013,English
You'll Come,5/26/2013,Spanish
From the Inside Out,6/2/2013,Spanish
Give Us Clean Hands,6/2/2013,English
God Be Merciful to Me,6/2/2013,English
I Will Rise,6/2/2013,English
Sing for Joy,6/2/2013,Spanish
Did You Feel the Mountains Tremble,6/9/2013,English
Forty,6/9/2013,English
Love Like Fire,6/9/2013,Spanish
Reinas por la Eternidad,6/9/2013,Spanish
Show Us Christ,6/9/2013,English
Sing to the King,6/9/2013,Both
Awesome is the Lord Most High,6/16/2013,English
Here I Am to Worship,6/16/2013,Both
Sing to the King,6/16/2013,Both
Desert Song,6/16/2013,Spanish
How Great Thou Art,6/16/2013,Both
He Is Exalted,6/23/2013,Both
Before the Throne,6/23/2013,English
None But Jesus,6/23/2013,Spanish
Praise the Name of Jesus,6/23/2013,English
Reinas por la Eternidad,6/23/2013,Spanish
A Mighty Fortress,6/23/2013,Both
Indescribable,6/30/2013,Both
He is Exalted,6/30/2013,Both
It is Well,6/30/2013,Both
Isaiah 43,6/30/2013,English
The Stand,6/30/2013,Spanish
He Reigns,7/7/2013,English
Blessed Be Your Name,7/7/2013,Both
The Potter's Hand,7/7/2013,Spanish
Spirit of the Living God,7/7/2013,Spanish
Creed,7/7/2013,English
Take My Life,7/7/2013,English
Marvelous Light,7/14/2013,English
He is Exalted,7/14/2013,Both
Your Grace Is Enough,7/14/2013,Spanish
Be Thou My Vision,7/14/2013,English
Jesus All For Jesus,7/14/2013,Both
Amazing Grace,7/14/2013,Spanish
Revelation Song,7/21/2013,Spanish
Llenas Mi Ser,7/21/2013,Spanish
In Christ Alone,7/21/2013,English
Create In Me a Clean Heart,7/21/2013,Both
Beautiful Scandalous Night,7/21/2013,English
From the Inside Out,7/21/2013,Spanish
Did You Feel the Mountains Tremble,7/28/2013,English
Days of Elijah,7/28/2013,Both
Crown Him With Many Crowns,7/28/2013,Spanish
"Holy, Holy, Holy",7/28/2013,Both
Yahweh,7/28/2013,English
Love Like Fire,7/28/2013,Spanish
God is Able,8/4/2013,English
A Mighty Fortress,8/4/2013,Both
Eres Todopoderoso,8/4/2013,Spanish
Tis So Sweet To Trust In Jesus,8/4/2013,Both
Reinas por la Eternidad,8/4/2013,Spanish
Marvelous Light,8/4/2013,English
Jesus Paid It All,8/11/2013,English
Tis So Sweet To Trust In Jesus,8/11/2013,Both
Eres Tu,8/11/2013,Spanish
Cada Manana,8/11/2013,Spanish
Yahweh,8/11/2013,English
The Stand,8/11/2013,Spanish
Desert Song,8/18/2013,Spanish
All Creatures of Our God and King,8/18/2013,Both
How He Loves Us,8/18/2013,English
How Deep the Father's Love for Us,8/18/2013,English
Nothing but the blood of Jesus,8/18/2013,Spanish
How Great Thou Art,8/18/2013,Both
A Mighty Fortress,8/25/2013,Both
Prince of Peace,8/25/2013,Spanish
There Is Nothing,8/25/2013,English
Tis So Sweet To Trust In Jesus,8/25/2013,Both
Sera Llena La Tierra,8/25/2013,Spanish
King of Glory - Tomlin,9/1/2013,English
Sing for Joy,9/1/2013,Spanish
Renuevame,9/1/2013,Spanish
Doxology,9/1/2013,Both
Beautiful,9/1/2013,English
Great Is Thy Faithfulness,9/1/2013,Both
Marvelous Light,9/8/2013,English
Your Grace Is Enough,9/8/2013,Spanish
Lead Me To The Cross,9/8/2013,Both
Mighty to Save,9/8/2013,English
Nothing but the blood of Jesus,9/8/2013,Spanish
Sing to the King,9/8/2013,Both
Crown Him With Many Crowns,9/15/2013,Spanish
He Is Exalted,9/15/2013,Both
I Surrender All,9/15/2013,English
Dead Man (Carry Me),9/15/2013,English
Dame tus ojos,9/15/2013,Spanish
Hosanna (Hillsong),9/15/2013,English
Yahweh,9/22/2013,English
"Holy, Holy, Holy",9/22/2013,Both
Amazing Grace,9/22/2013,Spanish
Sumergeme,9/22/2013,Spanish
How Great is our God,9/22/2013,Both
"10,000 Reasons",9/22/2013,English
God of Wonders,9/29/2013,English
Open the Eyes of My Heart,9/29/2013,Both
Beautiful Savior,9/29/2013,English
Spirit of the Living God,9/29/2013,Spanish
It Is Well,9/29/2013,Both
Tengo Hambre de Ti,10/6/2013,Spanish
Love Like Fire,10/6/2013,Spanish
Be Thou My Vision,10/6/2013,English
Turn Your Eyes Upon Jesus,10/6/2013,Both
He Reigns,10/6/2013,English
Reinas por la Eternidad,10/6/2013,Spanish
Show Us Christ,10/13/2013,English
None But Jesus,10/13/2013,Both
Revelation Song,10/13/2013,Spanish
You'll Come,10/13/2013,Spanish
Rock of Ages,10/13/2013,English
A Quien Ire,10/13/2013,Spanish
Montana,10/20/2013,Spanish
Because He Lives,10/20/2013,Both
Tis So Sweet To Trust In Jesus,10/20/2013,Both
Rise,10/20/2013,English
Crown Him With Many Crowns,10/20/2013,Spanish
Everlasting God,10/20/2013,English
God of Wonders,10/27/2013,English
Oh Love That Will Not Let Me Go,10/27/2013,Spanish
Nothing but the blood of Jesus,10/27/2013,Spanish
Great Is Thy Faithfulness,10/27/2013,Both
I Will Wait,10/27/2013,English
You Never Let Go,10/27/2013,English
Oh Moradora de Sion,11/3/2013,Spanish
Indescribable,11/3/2013,Both
In Christ Alone,11/3/2013,English
Tengo Libertad,11/3/2013,Spanish
On Jordan's Stormy Banks,11/3/2013,English
Tengo Libertad,11/10/2013,Spanish
Your Grace Is Enough,11/10/2013,Spanish
Marvelous Light,11/10/2013,English
All I Can Say,11/10/2013,English
Hear the Call of the Kingdom,11/10/2013,English
Amazing Grace,11/10/2013,Spanish
Eres Tu,11/17/2013,Spanish
Lord Reign In Me,11/17/2013,English
Amazing Grace,11/17/2013,Spanish
Let Us Love And Sing and Wonder,11/17/2013,English
God is Able,11/17/2013,Spanish
Fill Me Up,11/17/2013,English
Sing to the King,11/24/2013,Both
Crown Him With Many Crowns,11/24/2013,Spanish
Mighty to Save,11/24/2013,Spanish
Maravilloso es el Gran Amor,11/24/2013,Spanish
Hear the Call of the Kingdom,11/24/2013,English
He Reigns,11/24/2013,English
O Come O Come Emmanuel,12/1/2013,Both
Yahweh,12/1/2013,English
Great Is Thy Faithfulness,12/1/2013,Both
Come Thou Long Expected Jesus,12/1/2013,English
Eres Fiel,12/1/2013,Spanish
You'll Come,12/1/2013,Spanish
Forty,12/1/2013,English
O Come O Come Emmanuel,12/8/2013,Both
Tengo Hambre de Ti,12/8/2013,Spanish
Come Thou Long Expected Jesus,12/8/2013,English
Soon,12/8/2013,English
Maravilloso es el Gran Amor,12/8/2013,Spanish
Everlasting God,12/8/2013,English
You'll Come,12/15/2013,English
Days of Elijah,12/15/2013,Both
El Volvera,12/15/2013,Spanish
The Revelation of Jesus Christ,12/15/2013,English
O Come O Come Emmanuel,12/15/2013,Both
Reinas por la Eternidad,12/15/2013,Spanish
O Come O Come Emmanuel,12/22/2013,Both
Hosanna (Hillsong),12/22/2013,English
Yo Quiero Mas De Ti,12/22/2013,Spanish
Your Love Is Strong,12/22/2013,English
Oh Love That Will Not Let Me Go,12/22/2013,Spanish
Days of Elijah,12/22/2013,Both
Joy To The World,12/24/2013,Both
Hark the Herald Angels Sing,12/24/2013,Both
Suenen Dulces Himnos,12/24/2013,Spanish
What Child is This,12/24/2013,Both
O Holy Night,12/24/2013,Both
Silent Night,12/24/2013,Both
Joy To The World,12/29/2013,Both
Hark the Herald Angels Sing,12/29/2013,Both
Suenen Dulces Himnos,12/29/2013,Spanish
What Child is This,12/29/2013,Both
Tu Dejaste Tu Trono,12/29/2013,Spanish
Go Tell It On The Mountain,12/29/2013,Both
How Deep the Father's Love for Us,1/5/2014,English
Tu Dejaste Tu Trono,1/5/2014,Spanish
No Es Como Yo,1/5/2014,Spanish
By His Wounds,1/5/2014,English
Mi Jesus Mi Amado,1/5/2014,Spanish
I Surrender All,1/5/2014,English
Awesome is the Lord Most High,1/12/2014,English
Indescribable,1/12/2014,Both
Jesus es el Senor,1/12/2014,Spanish
Crown Him With Many Crowns,1/12/2014,Spanish
Worthy is the Lamb,1/12/2014,Both
Lord Reign In Me,1/12/2014,English
He is Exalted,1/19/2014,Both
God is Able,1/19/2014,Spanish
Hosanna (Hillsong),1/19/2014,English
Worthy is the Lamb,1/19/2014,Both
Praise the Name of Jesus,1/19/2014,Both
Here I Am to Worship,1/19/2014,Spanish
Arise My Soul Arise,1/26/2014,English
Lead Me To The Cross,1/26/2014,Spanish
Praise the Name of Jesus,1/26/2014,Both
Redeemed,1/26/2014,English
Nothing but the blood of Jesus,1/26/2014,Spanish
Jesus Paid It All,1/26/2014,English
Not What My Hands Have Done,2/2/2014,English
Love Like Fire,2/2/2014,Spanish
From the Inside Out,2/2/2014,Both
Renuevame,2/2/2014,Spanish
All Creatures of Our God and King,2/2/2014,Both
Llenas Mi Ser,2/2/2014,Spanish
Before the Throne,2/9/2014,English
A Mighty Fortress,2/9/2014,Both
None But Jesus,2/9/2014,Spanish
Turn Your Eyes Upon Jesus,2/9/2014,Both
Hello My Name Is,2/9/2014,English
The Stand,2/9/2014,Spanish
Tengo Libertad,2/16/2014,Spanish
Oh Love That Will Not Let Me Go,2/16/2014,Spanish
Marvelous Light,2/16/2014,English
Beautiful Scandalous Night,2/16/2014,English
Your Grace Is Enough,2/16/2014,Spanish
Hear the Call of the Kingdom,2/16/2014,English
Prince of Peace,2/23/2014,English
Revelation Song,2/23/2014,Spanish
Here I Am to Worship,2/23/2014,Both
Enamorame,2/23/2014,Spanish
How Great is our God,2/23/2014,Both
Jesus Paid It All,2/23/2014,English
Marvelous Light,3/2/2014,English
Your Grace Is Enough,3/2/2014,Spanish
Me Has Atraido Jesus,3/2/2014,Spanish
Redeemed,3/2/2014,English
King of Glory - Third Day,3/2/2014,English
Take My Life,3/2/2014,Spanish
"Holy, Holy, Holy",3/9/2014,Both
How He Loves Us,3/9/2014,English
Came To My Rescue,3/9/2014,Spanish
Tis So Sweet To Trust In Jesus,3/9/2014,Both
Oh Love That Will Not Let Me Go,3/9/2014,Spanish
A Mighty Fortress,3/9/2014,Both
The Solid Rock,3/16/2014,English
Lead Me To The Cross,3/16/2014,Spanish
Turn Your Eyes Upon Jesus,3/16/2014,Both
Beautiful,3/16/2014,English
By His Wounds,3/16/2014,English
Mighty to Save,3/16/2014,Spanish
Oh Moradora de Sion,3/23/2014,Spanish
Sing to the King,3/23/2014,Both
They Will Know We are Christians,3/23/2014,English
Fellowship So Deep,3/23/2014,English
Unidos,3/23/2014,Spanish
Did You Feel the Mountains Tremble,3/23/2014,English
Marvelous Light,3/30/2014,English
From the Inside Out,3/30/2014,Spanish
Here I Am to Worship,3/30/2014,Spanish
Great I Am,3/30/2014,English
Arise My Soul Arise,3/30/2014,English
Reinas por la Eternidad,3/30/2014,Spanish
They Will Know We are Christians,4/6/2014,English
Create In Me a Clean Heart,4/6/2014,Both
Renuevame,4/6/2014,Spanish
Fill Me Up,4/6/2014,English
The Potter's Hand,4/6/2014,Spanish
Great I Am,4/6/2014,English
Eres Fiel,4/13/2014,Spanish
Tis So Sweet To Trust In Jesus,4/13/2014,Both
It Is Well,4/13/2014,Both
Oceans,4/13/2014,English
Those Who Trust,4/13/2014,English
Desert Song,4/13/2014,Spanish
Christ the Lord is Risen Today,4/20/2014,Both
Crown Him With Many Crowns,4/20/2014,Spanish
He Reigns,4/20/2014,English
Oceans,4/20/2014,English
Fellowship So Deep,4/20/2014,English
God is Able,4/20/2014,Spanish
Christ the Lord is Risen Today,4/27/2014,Both
Nothing but the blood of Jesus,4/27/2014,Both
None But Jesus,4/27/2014,Spanish
Hear the Call of the Kingdom,4/27/2014,English
The Power of the Cross,4/27/2014,English
Unidos,4/27/2014,Spanish
Behold Our God,5/4/2014,Both
I Surrender All,5/4/2014,English
Dame tus ojos,5/4/2014,Spanish
Oh Love That Will Not Let Me Go,5/4/2014,Spanish
They Will Know We are Christians,5/4/2014,English
The Power of the Cross,5/4/2014,English
All Hail the Power of Jesus' Name,5/11/2014,Both
Sing to the King,5/11/2014,Both
On Jordan's Stormy Banks,5/11/2014,English
Worthy is the Lamb,5/11/2014,Spanish
Soon,5/11/2014,English
Amazing Grace,5/11/2014,Spanish
Everlasting God,5/18/2014,English
Behold Our God,5/18/2014,Both
From the Inside Out,5/18/2014,Spanish
Let Me Be,5/18/2014,English
"10,000 Reasons",5/18/2014,English
Mi Vida Es Cristo,5/18/2014,Spanish
Lead Me To The Cross,5/25/2014,Spanish
From the Inside Out,5/25/2014,Spanish
"10,000 Reasons",5/25/2014,English
Dame tus ojos,5/25/2014,Spanish
Worthy is the Lamb,5/25/2014,Both
Take My Life,5/25/2014,Both
Sera Llena La Tierra,6/1/2014,Spanish
Desert Song,6/1/2014,Spanish
Fill Me Up,6/1/2014,English
Let Me Be,6/1/2014,English
Unidos,6/1/2014,Spanish
Follow You,6/1/2014,English
All Hail the Power of Jesus' Name,6/8/2014,Both
Sing for Joy,6/8/2014,Both
A Quien Ire,6/8/2014,Spanish
Seek Ye First,6/8/2014,English
Came To My Rescue,6/8/2014,Spanish
Oceans,6/8/2014,English
Eres Todopoderoso,6/15/2014,Spanish
Our God,6/15/2014,Both
Rise,6/15/2014,English
Spirit of the Living God,6/15/2014,Spanish
Es Por Tu Gracia,6/15/2014,Spanish
Overcome,6/15/2014,English
Overcome,6/22/2014,English
It Is Well,6/22/2014,Both
Mi Vida Es Cristo,6/22/2014,Spanish
Yo Quiero Mas De Ti,6/22/2014,Spanish
Oceans,6/22/2014,English
Great I Am,6/29/2014,English
Blessed Be Your Name,6/29/2014,Both
A Quien Ire,6/29/2014,Spanish
The Potter's Hand,6/29/2014,Spanish
Whom Shall I Fear?,6/29/2014,English
O Worship the King,7/6/2014,English
Behold Our God,7/6/2014,Both
Me Postro,7/6/2014,Spanish
Doxology,7/6/2014,Both
"Jesus, Friend of Sinners",7/6/2014,English
Mi Vida Es Cristo,7/6/2014,Spanish
Overcome,7/13/2014,English
A Mighty Fortress,7/13/2014,Both
Tengo Un Refugio,7/13/2014,Spanish
All Hail the Power of Jesus' Name,7/13/2014,Both
Those Who Trust,7/13/2014,English
Came To My Rescue,7/13/2014,Both
El Dios Que Adoramos,7/20/2014,Spanish
Great Is Thy Faithfulness,7/20/2014,Both
Yahweh,7/20/2014,English
Me Postro,7/20/2014,Spanish
Tengo Un Refugio,7/20/2014,Spanish
Great I Am,7/20/2014,English
El Dios Que Adoramos,7/27/2014,Spanish
Forever,7/27/2014,Both
How He Loves Us,7/27/2014,English
"10,000 Reasons",7/27/2014,English
All Hail the Power of Jesus' Name,7/27/2014,Both
How Great Thou Art,7/27/2014,Both
Sing to the King,8/3/2014,Both
"Holy, Holy, Holy",8/3/2014,Both
Me Postro,8/3/2014,Spanish
Doxology,8/3/2014,Both
I Surrender All,8/3/2014,English
How Great is our God,8/3/2014,Both
El Dios Que Adoramos,8/10/2014,Spanish
Forever,8/10/2014,Both
Reinas por la Eternidad,8/10/2014,Spanish
House of God Forever,8/10/2014,English
The Solid Rock,8/10/2014,English
Behold Our God,8/10/2014,Both
God is Able,8/17/2014,Spanish
Tis So Sweet To Trust In Jesus,8/17/2014,Both
In Christ Alone,8/17/2014,English
Mighty to Save,8/17/2014,Spanish
He Reigns,8/17/2014,English
Be Thou My Vision,8/17/2014,English
Crown Him With Many Crowns,8/24/2014,Spanish
He is Exalted,8/24/2014,Both
Hosanna (Hillsong),8/24/2014,English
Did You Feel the Mountains Tremble,8/24/2014,English
Sing to the King,8/24/2014,Both
El Dios Que Adoramos,8/24/2014,Spanish
Eres Fiel,8/31/2014,Spanish
Forever,8/31/2014,Both
Sovereign,8/31/2014,English
Amazing Grace,8/31/2014,Spanish
Days of Elijah,8/31/2014,Both
The Solid Rock,8/31/2014,English
Behold Our God,9/7/2014,Both
How Great is our God,9/7/2014,Both
Me Postro,9/7/2014,Spanish
The Power of the Cross,9/7/2014,English
Praise to the Lord Almighty,9/7/2014,English
"Holy, Holy, Holy",9/7/2014,Both
Arise My Soul Arise,9/14/2014,English
Desert Song,9/14/2014,Spanish
Tengo Un Refugio,9/14/2014,Spanish
Sovereign,9/14/2014,English
A Mighty Fortress,9/14/2014,Both
Before the Throne,9/14/2014,English
Your Grace Is Enough,9/21/2014,Spanish
All Hail the Power of Jesus' Name,9/21/2014,Both
Sing for Joy,9/21/2014,English
One God,9/21/2014,English
You Never Let Go,9/21/2014,English
The Stand,9/21/2014,Spanish
Open the Eyes of My Heart,9/28/2014,Both
Revelation Song,9/28/2014,Spanish
King of Glory - Third Day,9/28/2014,English
"Holy, Holy, Holy",9/28/2014,Spanish
Turn Your Eyes Upon Jesus,9/28/2014,Both
Take My Life,9/28/2014,English
God of Wonders,10/5/2014,English
Forever,10/5/2014,Both
Jesus Messiah,10/5/2014,Spanish
King of Glory - Third Day,10/5/2014,English
Show Us Christ,10/5/2014,Spanish
In Christ Alone,10/5/2014,English
Forever,10/12/2014,Both
El Dios Que Adoramos,10/12/2014,Spanish
Blessed Be Your Name,10/12/2014,Both
Jesus Paid It All,10/12/2014,English
Cada Manana,10/12/2014,Spanish
Gracias,10/12/2014,Spanish
When I Think About the Lord,10/19/2014,English
"10,000 Reasons",10/19/2014,English
Cantare de tu Amor,10/19/2014,Spanish
Give Me Jesus,10/19/2014,Spanish
Mi Vida Es Cristo,10/19/2014,Spanish
Follow You,10/19/2014,English
Days of Elijah,10/26/2014,Both
It Is Well,10/26/2014,Both
Me Postro,10/26/2014,Spanish
At the Cross (Love Ran Red),10/26/2014,English
Dios Majestuoso,10/26/2014,Spanish
Great I Am,10/26/2014,English
When I Think About the Lord,11/2/2014,English
He Is Exalted,11/2/2014,Both
How Great is our God,11/2/2014,Both
Dios Majestuoso,11/2/2014,Spanish
Give Me Jesus,11/2/2014,Spanish
Great Is Thy Faithfulness,11/2/2014,Both
El Dios Que Adoramos,11/9/2014,Spanish
Behold Our God,11/9/2014,Both
At the Cross (Love Ran Red),11/9/2014,English
Let Me Be,11/9/2014,English
Sing for Joy,11/9/2014,Spanish
Love Like Fire,11/9/2014,Spanish
God Is Able,11/16/2014,Spanish
Eres el Camino,11/16/2014,Spanish
When I Think About the Lord,11/16/2014,English
Sovereign,11/16/2014,English
Everything Is Different,11/16/2014,English
How Great Thou Art,11/16/2014,Both
Dios Majestuoso,11/23/2014,Spanish
All Hail the Power of Jesus' Name,11/23/2014,Both
"10,000 Reasons",11/23/2014,English
Revelation Song,11/23/2014,Spanish
"Holy, Holy, Holy",11/23/2014,Both
Hosanna (Hillsong),11/23/2014,English
King of Glory - Tomlin,11/30/2014,English
You'll Come,11/30/2014,Spanish
Reinas por la Eternidad,11/30/2014,Spanish
A Mighty Fortress,11/30/2014,Both
Soon,11/30/2014,English
Days of Elijah,11/30/2014,Both
Suenen Dulces Himnos,12/7/2014,Spanish
Come Thou Long Expected Jesus,12/7/2014,English
It Came Upon the Midnight Clear,12/7/2014,English
Jehova Senor de los Cielos,12/7/2014,Spanish
El Volvera,12/7/2014,Spanish
He Reigns,12/7/2014,English
O Come O Come Emmanuel,12/14/2014,Both
What Child is This,12/14/2014,Both
O Come All Ye Faithful,12/14/2014,Both
Give Me Jesus,12/14/2014,Spanish
Joy To The World,12/14/2014,Both
When I Think About the Lord,12/14/2014,English
Suenen Dulces Himnos,12/21/2014,Spanish
Hark the Herald Angels Sing,12/21/2014,Both
Angels We Have Heard on High,12/21/2014,Both
I Heard the Bells on Christmas Day,12/21/2014,English
Come and Worship,12/21/2014,English
O Come O Come Emmanuel,12/21/2014,Both
Angels We Have Heard on High,12/24/2014,Both
It Came Upon the Midnight Clear,12/24/2014,English
O Holy Night,12/24/2014,Both
Silent Night,12/24/2014,Both
Everything is Different,12/28/2014,English
Tis So Sweet To Trust In Jesus,12/28/2014,Both
Jesus Messiah,12/28/2014,Spanish
Beautiful,12/28/2014,English
Crown Him With Many Crowns,12/28/2014,Spanish
He Is Exalted,12/28/2014,Both
Dios Majestuoso,1/4/2015,Spanish
"Holy, Holy, Holy",1/4/2015,Spanish
Oceans,1/4/2015,English
To You Be The Glory,1/4/2015,English
Hear the Call of the Kingdom,1/4/2015,English
Mi Vida Es Cristo,1/4/2015,Spanish
Prince of Peace,1/11/2015,Spanish
Because He Lives,1/11/2015,Both
King of Glory - Third Day,1/11/2015,English
How He Loves Us,1/11/2015,English
Oh Love That Will Not Let Me Go,1/11/2015,Spanish
At The Cross (Love Ran Red),1/11/2015,English
All Hail the Power of Jesus' Name,1/18/2015,Both
Forever,1/18/2015,Both
Majesty (Here I Am),1/18/2015,English
Me Postro,1/18/2015,Spanish
Love Like Fire,1/18/2015,Spanish
Take My Life,1/18/2015,English
Eternamente Exaltado,1/25/2015,Spanish
Indescribable,1/25/2015,Both
Majesty (Here I Am),1/25/2015,English
Mi Vida Es Cristo,1/25/2015,Spanish
Lord I Need You,1/25/2015,English
El Dios Que Adoramos,1/25/2015,Spanish
Eternamente Exaltado,2/1/2015,Spanish
Behold Our God,2/1/2015,Both
At The Cross (Love Ran Red),2/1/2015,English
Give Me Jesus,2/1/2015,Spanish
Relentless,2/1/2015,English
Great I Am,2/1/2015,English
Relentless,2/8/2015,English
Jesus Messiah,2/8/2015,Spanish
Worthy Is The Lamb,2/8/2015,Both
To You Be The Glory,2/8/2015,English
Eres El Camino,2/8/2015,Spanish
By His Wounds,2/8/2015,English
Lord I Need You,2/15/2015,English
Desert Song,2/15/2015,Spanish
Eternamente Exaltado,2/15/2015,Spanish
Rise,2/15/2015,English
From the Inside Out,2/15/2015,Spanish
God is Able,2/15/2015,English
Montana,2/22/2015,Spanish
Eres Fiel,2/22/2015,Spanish
Oceans,2/22/2015,English
Sovereign,2/22/2015,English
Eres El Camino,2/22/2015,Spanish
I Surrender All,2/22/2015,English
Dios Majestuoso,3/1/2015,Spanish
He Is Exalted,3/1/2015,Both
Majesty (Here I Am),3/1/2015,English
To You Be The Glory,3/1/2015,English
Mighty to Save,3/1/2015,Spanish
All I Can Say,3/1/2015,English
Give Us Clean Hands,3/8/2015,English
Prince of Peace,3/8/2015,Spanish
Aumenta mi fe,3/8/2015,Spanish
Come As You Are,3/8/2015,English
Come Thou Fount,3/8/2015,English
Jesus All For Jesus,3/8/2015,Both
The Stand,3/15/2015,Spanish
Mi Jesus Mi Amado,3/15/2015,Spanish
Fill Me Up,3/15/2015,English
Lord I Need You,3/15/2015,English
Sera Llena La Tierra,3/15/2015,Spanish
On Jordan's Stormy Banks,3/15/2015,English
Reinas por la Eternidad,3/22/2015,Spanish
Relentless,3/22/2015,Both
Come As You Are,3/22/2015,English
Tu Palabra Mi Dios,3/22/2015,Spanish
Fellowship So Deep,3/22/2015,English
The Power of the Cross,3/22/2015,English
Hear the Call of the Kingdom,3/29/2015,English
Eres el Camino,3/29/2015,Spanish
Mi Vida es Cristo,3/29/2015,Spanish
Renuevame,3/29/2015,Spanish
Build Your Kingdom Here,3/29/2015,English
Take My Life,3/29/2015,Both
When I Survey the Wondrous Cross,4/2/2015,English
Come as You Are,4/2/2015,English
Pan de Vida,4/2/2015,Spanish
When I Survey the Wondrous Cross,4/3/2015,English
Beautiful Scandalous Night,4/3/2015,English
Jesus Messiah,4/3/2015,Spanish
Me Postro,4/3/2015,Spanish
Overcome,4/3/2015,English
El Dios Que Adoramos,4/3/2015,Spanish
Because He Lives (Amen),4/5/2015,English
El Dios Que Adoramos,4/5/2015,Spanish
Doxology,4/12/2015,Both
Indescribable,4/12/2015,Both
Majesty (Here I Am),4/12/2015,English
Dame tus ojos,4/12/2015,Spanish
Tu Palabra Mi Dios,4/12/2015,Spanish
Build Your Kingdom Here,4/12/2015,English
Eternamente Exaltado,4/19/2015,Spanish
Relentless,4/19/2015,Both
Be Thou My Vision,4/19/2015,English
From the Inside Out,4/19/2015,Spanish
Because He Lives (Amen),4/19/2015,English
Before the Throne,4/19/2015,English
Behold Our God,4/26/2015,Spanish
Forever,4/26/2015,Both
At the Cross (Love Ran Red),4/26/2015,English
Give Me Jesus,4/26/2015,Spanish
Jesus Paid It All,4/26/2015,English
Hosanna (Hillsong),4/26/2015,English
How Deep the Father's Love for Us,5/3/2015,English
Lead Me To The Cross,5/3/2015,Spanish
Amazing Grace,5/3/2015,Spanish
Oceans,5/3/2015,English
No Es Como Yo,5/3/2015,Spanish
Follow You,5/3/2015,English
Sing for Joy,5/10/2015,Spanish
Our God,5/10/2015,Both
Build Your Kingdom Here,5/10/2015,English
Eres El Camino,5/10/2015,Spanish
Let Me Sing,5/10/2015,English
"10,000 Reasons",5/10/2015,English
Love Like Fire,5/17/2015,Spanish
Desert Song,5/17/2015,Spanish
Fill Me Up,5/17/2015,English
To You Be The Glory,5/17/2015,English
The Stand,5/17/2015,Spanish
I Surrender All,5/17/2015,English
Dios Majestuoso,5/24/2015,Spanish
"Holy, Holy, Holy",5/24/2015,Both
Majesty (Here I Am),5/24/2015,English
The Power of the Cross,5/24/2015,English
El Dios Que Adoramos,5/24/2015,Spanish
Worthy is the Lamb,5/24/2015,Both
When I Think About the Lord,5/31/2015,English
Eres Fiel,5/31/2015,Spanish
Tengo Un Refugio,5/31/2015,Spanish
It Is Well,5/31/2015,Both
This I Believe (The Creed),5/31/2015,English
Sovereign,5/31/2015,English
A Mighty Fortress,6/7/2015,Both
Relentless,6/7/2015,Both
You Never Let Go,6/7/2015,English
Lord I Need You,6/7/2015,English
Great Is Thy Faithfulness,6/7/2015,Both
Aumenta mi fe,6/7/2015,Spanish
This I Believe (The Creed),6/14/2015,English
Jesus Messiah,6/14/2015,Spanish
Prince of Peace,6/14/2015,Spanish
Jesus es el Senor,6/14/2015,Spanish
Great I Am,6/14/2015,English
Fill Me Up,6/14/2015,English
Indescribable,6/21/2015,Both
Our God,6/21/2015,Both
Me Postro,6/21/2015,Spanish
This I Believe (The Creed),6/21/2015,English
Build Your Kingdom Here,6/21/2015,English
Mi Vida Es Cristo,6/21/2015,Spanish
Eternamente Exaltado,6/28/2015,Spanish
How Great Thou Art,6/28/2015,Both
When I Think About the Lord,6/28/2015,English
Que dulce es estar en tu presencia,6/28/2015,Spanish
Yahweh,6/28/2015,English
Forever,6/28/2015,Spanish
Famous One,7/5/2015,English
A Mighty Fortress,7/5/2015,Both
Love Like Fire,7/5/2015,Spanish
Amazing Grace,7/5/2015,Spanish
Soon,7/5/2015,English
On Jordan's Stormy Banks,7/5/2015,English
Famous One,7/12/2015,English
Your Grace Is Enough,7/12/2015,Spanish
How Can It Be,7/12/2015,English
Es Por Tu Gracia,7/12/2015,Spanish
Behold Our God,7/12/2015,Spanish
The Power of the Cross,7/12/2015,English
Oh Love That Will Not Let Me Go,7/19/2015,Spanish
Relentless,7/19/2015,Both
How Can It Be,7/19/2015,English
Me Postro,7/19/2015,Spanish
Show Us Christ,7/19/2015,English
Give Me Jesus,7/19/2015,Spanish
Great I Am,7/26/2015,English
Reinas por la Eternidad,7/26/2015,Spanish
Tengo Un Refugio,7/26/2015,Spanish
It Is Well,7/26/2015,Both
This I Believe (The Creed),7/26/2015,English
At the Cross (Love Ran Red),7/26/2015,English
Captivated,8/2/2015,English
Days of Elijah,8/2/2015,Both
Indomable,8/2/2015,Spanish
Como la brisa,8/2/2015,Spanish
How Can It Be,8/2/2015,English
Love Like Fire,8/2/2015,Spanish
Eres El Camino,8/9/2015,Spanish
Nothing but the blood of Jesus,8/9/2015,Spanish
By His Wounds,8/9/2015,English
How Deep the Father's Love for Us,8/9/2015,English
Indomable,8/9/2015,Spanish
Jesus Paid It All,8/9/2015,English
Arise My Soul Arise,8/16/2015,English
Tis So Sweet To Trust In Jesus,8/16/2015,Both
Your Grace Is Enough,8/16/2015,Spanish
Indomable,8/16/2015,Spanish
Crown Him With Many Crowns,8/16/2015,Spanish
How Can It Be,8/16/2015,English
"10,000 Reasons",8/23/2015,English
Oceans,8/23/2015,Spanish
You'll Come,8/23/2015,Spanish
On Jordan's Stormy Banks,8/23/2015,English
Show Us Christ,8/23/2015,English
Take My Life,8/23/2015,Both
Doxology,8/30/2015,Both
Eternamente Exaltado,8/30/2015,Spanish
Me Postro,8/30/2015,Spanish
Seek Ye First,8/30/2015,English
Soon,8/30/2015,English
In Christ Alone,8/30/2015,English
Lord I Need You,9/6/2015,English
A Mighty Fortress,9/6/2015,Both
El Dios Que Adoramos,9/6/2015,Spanish
Come Thou Fount,9/6/2015,English
Indomable,9/6/2015,Spanish
Because He Lives (Amen),9/6/2015,English
How Great is our God,9/13/2015,Both
"Holy, Holy, Holy",9/13/2015,Spanish
Majesty (Here I Am),9/13/2015,English
Reinas por la Eternidad,9/13/2015,Spanish
Famous One,9/13/2015,English
Spirit of the Living God,9/13/2015,Both
Maravilloso es el Gran Amor,9/20/2015,Spanish
Great Is Thy Faithfulness,9/20/2015,Both
Sovereign,9/20/2015,English
Holy Spirit,9/20/2015,English
Mighty to Save,9/20/2015,Spanish
At the Cross (Love Ran Red),9/20/2015,English
Sing to the King,9/27/2015,Both
Eres El Camino,9/27/2015,Spanish
Before the Throne,9/27/2015,English
Come as You Are,9/27/2015,English
Holy Spirit,9/27/2015,English
Conmigo Est‡s,9/27/2015,Spanish
Me Has Atraido Jesus,10/4/2015,Spanish
From the Inside Out,10/4/2015,Spanish
Amazing Grace,10/4/2015,English
God Be Merciful to Me,10/4/2015,English
Conmigo Est‡s,10/4/2015,Spanish
How Can It Be,10/4/2015,English
God Be Merciful to Me,10/11/2015,English
There Is Nothing,10/11/2015,English
Enamorame,10/11/2015,Spanish
Conmigo Est‡s,10/11/2015,Spanish
Rise,10/11/2015,English
Aumenta mi fe,10/11/2015,Spanish
Doxology,10/18/2015,Spanish
On Jordan's Stormy Banks,10/18/2015,English
Give Me Jesus,10/18/2015,Spanish
It Is Well,10/18/2015,Both
Dios Majestuoso,10/25/2015,Spanish
Our God,10/25/2015,Both
Lord I Need You,10/25/2015,English
House of God Forever,10/25/2015,English
Tengo Un Refugio,10/25/2015,Spanish
Came to My Rescue,10/25/2015,Both
Prince of Peace,11/1/2015,Spanish
Oh Moradora de Sion,11/1/2015,Spanish
Come as You Are,11/1/2015,English
Fellowship So Deep,11/1/2015,English
Oceans,11/1/2015,Spanish
To You Be The Glory,11/1/2015,English
King of Glory - Third Day,11/8/2015,English
All Creatures of Our God and King,11/8/2015,Both
Revelation Song,11/8/2015,Spanish
Pan de Vida,11/8/2015,Spanish
Sing to the King,11/8/2015,Both
On Jordan's Stormy Banks,11/8/2015,English
When I Think About the Lord,11/15/2015,English
Relentless,11/15/2015,Both
Love Like Fire,11/15/2015,Spanish
Lord I Need You,11/15/2015,English
Behold Our God,11/15/2015,Both
Reinas por la Eternidad,11/15/2015,Spanish
In Christ Alone,11/22/2015,English
A Mighty Fortress,11/22/2015,Both
Conmigo Est‡s,11/22/2015,Spanish
Enamorame,11/22/2015,Spanish
From the Inside Out,11/22/2015,Both
The Stand,11/22/2015,Both
Nothing but the blood of Jesus,11/29/2015,Both
Give Us Clean Hands,11/29/2015,English
None But Jesus,11/29/2015,Spanish
Es por Tu Gracia,11/29/2015,Spanish
By His Wounds,11/29/2015,English
I Surrender All,11/29/2015,Both
O Come O Come Emmanuel,12/6/2015,Spanish
Desert Song,12/6/2015,Spanish
Tis So Sweet To Trust In Jesus,12/6/2015,Both
Come Thou Long Expected Jesus,12/6/2015,English
By Faith,12/6/2015,English
Oceans,12/6/2015,Spanish
Come Thou Long Expected Jesus,12/13/2015,English
By Faith,12/13/2015,English
Joy to the World,12/13/2015,Both
I Heard the Bells on Christmas Day,12/13/2015,English
Suenen Dulces Himnos,12/13/2015,Spanish
O Come all Ye Faithful,12/13/2015,Both
Hark the Herald Angels Sing,12/20/2015,Both
Angels from the Realms of Glory,12/20/2015,English
O Come all Ye Faithful,12/20/2015,Both
Great I Am,12/20/2015,English
What Child is This,12/20/2015,Both
Joy to the World,12/20/2015,Both
Suenen Dulces Himnos,12/24/2015,Spanish
Angels We Have Heard on High,12/24/2015,Both
O Holy Night,12/24/2015,Both
Silent Night,12/24/2015,Both
Joy to the World,12/27/2015,Both
Angels We Have Heard on High,12/27/2015,Both
God Rest Ye Merry Gentlemen,12/27/2015,English
Come and Worship,12/27/2015,Both
Be Thou My Vision,12/27/2015,English
Go Tell It On The Mountain,12/27/2015,Spanish
Your Grace Is Enough,1/3/2016,Spanish
Great Is Thy Faithfulness,1/3/2016,Both
By Faith,1/3/2016,English
Me Postro,1/3/2016,Spanish
You Never Let Go,1/3/2016,English
Conmigo Est‡s,1/3/2016,Spanish
Behold Our God,1/10/2016,Spanish
Hosanna (Hillsong),1/10/2016,Both
Build Your Kingdom Here,1/10/2016,English
Mi Vida Es Cristo,1/10/2016,Spanish
All the People Said Amen,1/10/2016,English
Eres El Camino,1/10/2016,Spanish
"10,000 Reasons",1/17/2016,English
"Holy, Holy, Holy",1/17/2016,Spanish
I Surrender All,1/17/2016,Both
Take My Life,1/17/2016,Both
Be Thou My Vision,1/17/2016,English
Mi Vida Es Cristo,1/17/2016,Spanish
Behold Our God,1/24/2016,Spanish
Relentless,1/24/2016,Both
Sovereign,1/24/2016,English
By Faith,1/24/2016,English
Enamorame,1/24/2016,Spanish
Soon,1/24/2016,English
Me Postro,1/31/2016,Spanish
Jesus Paid It All,1/31/2016,English
How Can It Be,1/31/2016,English
Es por Tu Gracia,1/31/2016,Spanish
By His Wounds,1/31/2016,English
Conmigo Est‡s,1/31/2016,Spanish
Reinas por la Eternidad,2/7/2016,Spanish
God of This city,2/7/2016,English
Indomable,2/7/2016,Spanish
Because He Lives (Amen),2/7/2016,English
Hosanna (Hillsong),2/7/2016,Both
Build Your Kingdom Here,2/7/2016,English
Behold Our God,2/14/2016,Spanish
He is Exalted,2/14/2016,Both
Lord I Need You,2/14/2016,English
Your Grace Is Enough,2/14/2016,Spanish
God of This city,2/14/2016,English
Eres El Camino,2/14/2016,Spanish
A Mighty Fortress,2/21/2016,Both
None But Jesus,2/21/2016,Spanish
Desert Song,2/21/2016,Spanish
Because He Lives (Amen),2/21/2016,English
Nothing but the blood of Jesus,2/21/2016,Both
By Faith,2/21/2016,English
Doxology,2/28/2016,Both
In Christ Alone,2/28/2016,English
Hosanna (Hillsong),2/28/2016,Both
Me Postro,2/28/2016,Spanish
At the Cross (Love Ran Red),2/28/2016,English
Reinas por la Eternidad,2/28/2016,Spanish
El Dios Que Adoramos,3/6/2016,Spanish
He Reigns,3/6/2016,English
Hosanna (Hillsong),3/6/2016,Both
Worthy is the Lamb,3/6/2016,Spanish
Psalm 23 (Surely Goodness Surely Mercy),3/6/2016,English
Build Your Kingdom Here,3/6/2016,English
A Mighty Fortress,3/13/2016,Both
Great I Am,3/13/2016,Both
Psalm 23 (Surely Goodness Surely Mercy),3/13/2016,English
Aumenta mi fe,3/13/2016,Spanish
Conmigo Est‡s,3/13/2016,Spanish
Give Me Jesus,3/13/2016,Spanish
Dios Majestuoso,3/20/2016,Spanish
Eres El Camino,3/20/2016,Spanish
Praise the King,3/20/2016,English
God of This city,3/20/2016,English
Show Us Christ,3/20/2016,English
The Stand,3/20/2016,Spanish
"10,000 Reasons",3/24/2016,English
"Holy, Holy, Holy",3/24/2016,Both
Indescribable,3/24/2016,Both
From the Inside Out,3/24/2016,Spanish
When I Survey the Wondrous Cross,3/25/2016,English
Lead Me To The Cross,3/25/2016,Spanish
How Deep the Father's Love for Us,3/25/2016,English
Eternamente Exaltado,3/25/2016,Spanish
Beautiful,3/25/2016,English
Gracia Sublime Es,3/25/2016,Spanish
Praise the King,3/27/2016,English
Revelation Song,3/27/2016,Spanish
Jesus Messiah,3/27/2016,Spanish
Es por Tu Gracia,3/27/2016,Spanish
Because He Lives (Amen),3/27/2016,English
Gracia Sublime Es,4/3/2016,Spanish
Before the Throne,4/3/2016,English
Mi Jesus Mi Amado,4/3/2016,Spanish
Psalm 23 (Surely Goodness Surely Mercy),4/3/2016,English
Holy Spirit,4/3/2016,English
Reinas por la Eternidad,4/3/2016,Spanish
Did You Feel the Mountains Tremble,4/10/2016,English
Hosanna (Hillsong),4/10/2016,Both
Dios Majestuoso,4/10/2016,Spanish
Be Thou My Vision,4/10/2016,English
Gracia Sublime Es,4/10/2016,Spanish
By Faith,4/10/2016,English
Yahweh,4/17/2016,English
Behold Our God,4/17/2016,Spanish
Me Postro,4/17/2016,Spanish
Lord I Need You,4/17/2016,English
God is Able,4/17/2016,Spanish
Praise the King,4/17/2016,English
A Mighty Fortress,4/24/2016,Both
Indomable,4/24/2016,Spanish
Love Like Fire,4/24/2016,Spanish
Jesus Paid It All,4/24/2016,English
Gracia Sublime Es,4/24/2016,Spanish
By Faith,4/24/2016,English
God is Able,5/1/2016,Spanish
Conmigo Est‡s,5/1/2016,Spanish
I Surrender All,5/1/2016,Both
Yahweh,5/1/2016,English
Death Was Arrested,5/1/2016,English
At the Cross (Love Ran Red),5/1/2016,English
Beautiful,5/8/2016,English
Great I Am,5/8/2016,Both
Worthy is the Lamb,5/8/2016,Both
From the Inside Out,5/8/2016,Spanish
Enamorame,5/8/2016,Spanish
Death Was Arrested,5/8/2016,English
When I Think About the Lord,5/15/2016,English
Mi Vida Es Cristo,5/15/2016,Spanish
Tengo Un Refugio,5/15/2016,Spanish
Psalm 23 (Surely Goodness Surely Mercy),5/15/2016,English
On Fire,5/15/2016,English
Give Me Jesus,5/15/2016,Spanish
Behold Our God,5/22/2016,Spanish
In Christ Alone,5/22/2016,English
How Deep the Father's Love for Us,5/22/2016,English
Jesus Messiah,5/22/2016,Spanish
From the Inside Out,5/22/2016,Spanish
Oceans,5/22/2016,English
Days of Elijah,5/29/2016,Both
A Mighty Fortress,5/29/2016,Both
Your Grace Is Enough,5/29/2016,Spanish
Tengo Un Refugio,5/29/2016,Spanish
Death Was Arrested,5/29/2016,English
Nothing but the blood of Jesus,5/29/2016,Both
Because He Lives (Amen),6/5/2016,English
Eres El Camino,6/5/2016,Spanish
Reinas por la Eternidad,6/5/2016,Spanish
Love Like Fire,6/5/2016,Spanish
Oceans,6/5/2016,English
By Faith,6/5/2016,English
Gracia Sublime Es,6/12/2016,Spanish
Relentless,6/12/2016,Both
Come as You Are,6/12/2016,English
Love Like Fire,6/12/2016,Spanish
Praise the King,6/12/2016,English
Aumenta mi fe,6/12/2016,Spanish
Forever,6/19/2016,Both
Whom Shall I Fear?,6/19/2016,English
How Can It Be,6/19/2016,English
Tengo Un Refugio,6/19/2016,Spanish
Enamorame,6/19/2016,English
Take My Life,6/19/2016,Both
Mi Vida Es Cristo,6/26/2016,Spanish
Great Is Thy Faithfulness,6/26/2016,Both
Oceans,6/26/2016,English
Worthy is the Lamb,6/26/2016,Spanish
Dame Tus ojos,6/26/2016,Spanish
Your Grace Is Enough,6/26/2016,Spanish
Because He Lives (Amen),7/3/2016,English
How Great is our God,7/3/2016,Both
Me Postro,7/3/2016,Spanish
Sumergeme,7/3/2016,Spanish
Liberty,7/3/2016,English
Conmigo Est‡s,7/3/2016,Spanish
God is Able,7/10/2016,Spanish
Great I Am,7/10/2016,Both
Good Good Father,7/10/2016,English
Sovereign,7/10/2016,English
Eternamente Exaltado,7/10/2016,Spanish
Holy Spirit,7/10/2016,English
Eres El Camino,7/17/2016,Spanish
Days of Elijah,7/17/2016,Both
Whom Shall I Fear?,7/17/2016,English
Good Good Father,7/17/2016,Both
Lead Me To The Cross,7/17/2016,Spanish
Hear the Call of the Kingdom,7/17/2016,English
All Creatures of Our God and King,7/24/2016,Spanish
In Christ Alone,7/24/2016,English
A Mighty Fortress,7/24/2016,Both
Tengo Un Refugio,7/24/2016,Spanish
Psalm 23 (Surely Goodness Surely Mercy),7/24/2016,English
"10,000 Reasons",7/24/2016,English
El Dios Que Adoramos,7/31/2016,Spanish
Indomable,7/31/2016,Spanish
Love Like Fire,7/31/2016,Spanish
Praise the King,7/31/2016,English
Good Good Father,7/31/2016,English
Gracia Sublime Es,7/31/2016,Spanish
Praise to the Lord Almighty,8/7/2016,English
At the Cross (Love Ran Red),8/7/2016,English
Amazing Grace,8/7/2016,Spanish
Dame Tus ojos,8/7/2016,Spanish
Crown Him With Many Crowns,8/7/2016,Spanish
Death Was Arrested,8/7/2016,English
Prince of Peace,8/14/2016,Spanish
Desert Song,8/14/2016,Spanish
Good Good Father,8/14/2016,English
Oceans,8/14/2016,Spanish
Hear the Call of the Kingdom,8/14/2016,English
Death Was Arrested,8/14/2016,English
O Worship the King,8/21/2016,Both
Eternamente Exaltado,8/21/2016,Spanish
Before the Throne,8/21/2016,English
Psalm 23 (Surely Goodness Surely Mercy),8/21/2016,English
How Great Thou Art,8/21/2016,Both
Sing to the King,8/21/2016,Spanish
Behold Our God,8/28/2016,Spanish
Psalm 46 (Lord of Hosts),8/28/2016,English
Hosanna (Hillsong),8/28/2016,Both
Me Postro,8/28/2016,Spanish
God of This city,8/28/2016,English
On Jordan's Stormy Banks,8/28/2016,English
Crown Him With Many Crowns,9/4/2016,Spanish
Reinas por la Eternidad,9/4/2016,Spanish
Psalm 46 (Lord of Hosts),9/4/2016,English
Give Me Jesus,9/4/2016,Spanish
"Holy, Holy, Holy",9/4/2016,Spanish
Good Good Father,9/4/2016,English
El Dios Que Adoramos,9/11/2016,Spanish
How Great is our God,9/11/2016,Both
Come as You Are,9/11/2016,English
Mi Jesus Mi Amado,9/11/2016,Spanish
Forever,9/11/2016,Both
Yahweh,9/11/2016,English
Psalm 46 (Lord of Hosts),9/18/2016,English
Death Was Arrested,9/18/2016,English
It Is Well,9/18/2016,Spanish
Great Is Thy Faithfulness,9/18/2016,Both
"Man of Sorrows (Hallelujah, What a Savior)",9/18/2016,Both
Came to My Rescue,9/18/2016,Spanish
Holy Spirit,9/25/2016,English
Revelation Song,9/25/2016,Spanish
Eternamente Exaltado,9/25/2016,Spanish
Conmigo Est‡s,9/25/2016,Spanish
Build Your Kingdom Here,9/25/2016,English
Days of Elijah,9/25/2016,Both
Gracia Sublime Es,10/2/2016,Spanish
Hosanna (Hillsong),10/2/2016,Both
There Is Nothing,10/2/2016,English
"Man of Sorrows (Hallelujah, What a Savior)",10/2/2016,Both
Show Us Christ,10/2/2016,Both
By Faith,10/2/2016,English
Indescribable,10/9/2016,Both
Aumenta mi fe,10/9/2016,Spanish
Holy Spirit,10/9/2016,English
I Surrender All,10/9/2016,Both
Consolador,10/9/2016,Spanish
Praise to the Lord Almighty,10/9/2016,English
Sing for Joy,10/16/2016,Both
Eres El Camino,10/16/2016,Spanish
Consolador,10/16/2016,Spanish
Desert Song,10/16/2016,English
It Is Well,10/16/2016,Both
Psalm 130,10/16/2016,English
Doxology,10/23/2016,Both
A Mighty Fortress,10/23/2016,Both
Jesus Messiah,10/23/2016,Spanish
Because He Lives (Amen),10/23/2016,English
Eternamente Exaltado,10/23/2016,Spanish
God of This city,10/23/2016,English
In Christ Alone,10/30/2016,English
Psalm 46 (Lord of Hosts),10/30/2016,English
Behold Our God,10/30/2016,Spanish
Love Like Fire,10/30/2016,Spanish
Desert Song,10/30/2016,Spanish
Praise the King,10/30/2016,English
Mi Vida Es Cristo,11/6/2016,Spanish
"Holy, Holy, Holy",11/6/2016,Spanish
Praise to the Lord Almighty,11/6/2016,English
Consolador,11/6/2016,Spanish
Psalm 130,11/6/2016,English
El Dios Que Adoramos,11/6/2016,Spanish
All Creatures of Our God and King,11/13/2016,Both
Hosanna (Hillsong),11/13/2016,Both
Oceans,11/13/2016,English
Tengo Un Refugio,11/13/2016,Spanish
Me Postro,11/13/2016,Spanish
Build Your Kingdom Here,11/13/2016,English
"10,000 Reasons",11/20/2016,English
Prince of Peace,11/20/2016,Both
Revelation Song,11/20/2016,Spanish
Tis So Sweet To Trust In Jesus,11/20/2016,Both
Spirit of the Living God,11/20/2016,Both
Great Is Thy Faithfulness,11/20/2016,Both
Conmigo Est‡s,11/27/2016,Spanish
Tis So Sweet To Trust In Jesus,11/27/2016,Both
Psalm 23 (Surely Goodness Surely Mercy),11/27/2016,English
Psalm 130,11/27/2016,English
God is Able,11/27/2016,Spanish
You'll Come,11/27/2016,Spanish
O Come O Come Emmanuel,12/4/2016,Spanish
Angels We Have Heard on High,12/4/2016,Both
Come and Worship,12/4/2016,English
What Child is This,12/4/2016,Both
O Come all Ye Faithful,12/4/2016,Both
Joy to the World,12/4/2016,Both
O Come O Come Emmanuel,12/11/2016,Both
Suenen Dulces Himnos,12/11/2016,Spanish
Hark the Herald Angels Sing,12/11/2016,Both
O Holy Night,12/11/2016,Both
Come Thou Long Expected Jesus,12/11/2016,English
Angels We Have Heard on High,12/11/2016,Both
O Come all Ye Faithful,12/18/2016,Both
Angels from the Realms of Glory,12/18/2016,Both
"Ven a mi coraz—n, O Cristo",12/18/2016,Spanish
Mary Did You Know?,12/18/2016,English
It Came Upon the Midnight Clear,12/18/2016,Both
O Come O Come Emmanuel,12/18/2016,Both
Come and Worship,12/24/2016,Both
"Ven a mi coraz—n, O Cristo",12/24/2016,Spanish
O Holy Night,12/24/2016,Both
Silent Night,12/24/2016,Both
O Come O Come Emmanuel,12/25/2016,Both
All Creatures of Our God and King,12/25/2016,Both
O Holy Night,12/25/2016,Both
In Christ Alone,12/25/2016,English
Build Your Kingdom Here,1/1/2017,English
All Creatures of Our God and King,1/1/2017,Both
Me Postro,1/1/2017,Spanish
"Ven a mi coraz—n, O Cristo",1/1/2017,Spanish
Conmigo Est‡s,1/1/2017,Spanish
Dios Majestuoso,1/8/2017,Spanish
Dame Tus ojos,1/8/2017,Spanish
In Christ Alone,1/8/2017,English
Lord I Need You,1/8/2017,English
El Dios Que Adoramos,1/8/2017,Spanish
Good Good Father,1/8/2017,English
Holy Spirit,1/15/2017,English
Indomable,1/15/2017,Spanish
Eternamente Exaltado,1/15/2017,Spanish
Tengo Un Refugio,1/15/2017,Spanish
Psalm 46 (Lord of Hosts),1/15/2017,English
Love Like Fire,1/15/2017,Spanish
Desert Song,1/22/2017,Spanish
Gracia Sublime Es,1/22/2017,Spanish
How Deep the Father's Love for Us,1/22/2017,English
Revelation Song,1/22/2017,Spanish
Build Your Kingdom Here,1/22/2017,English
Hosanna (Hillsong),1/22/2017,Both
Great I Am,1/29/2017,Both
Lead Me To The Cross,1/29/2017,Spanish
How Deep the Father's Love for Us,1/29/2017,English
Before the Throne,1/29/2017,Both
"O Heart, Bereaved and Lonely",1/29/2017,English
El Dios Que Adoramos,1/29/2017,Spanish
Indescribable,2/5/2017,Both
There Is Nothing,2/5/2017,English
Conmigo Est‡s,2/5/2017,Spanish
Aumenta mi fe,2/5/2017,Spanish
Consolador,2/5/2017,Spanish
Be Thou My Vision,2/5/2017,English
Praise to the Lord Almighty,2/12/2017,English
Relentless,2/12/2017,Both
From the Inside Out,2/12/2017,Spanish
Psalm 100,2/12/2017,Spanish
A Mighty Fortress,2/12/2017,Both
Take My Life,2/12/2017,Both
How Great Thou Art,2/19/2017,Both
Jesus Paid It All,2/19/2017,English
It Is Well,2/19/2017,Both
"Man of Sorrows (Hallelujah, What a Savior)",2/19/2017,Both
Soon,2/19/2017,English
Conmigo Est‡s,2/19/2017,Spanish
Praise to the Lord Almighty,2/26/2017,English
Behold Our God,2/26/2017,Spanish
"Holy, Holy, Holy",2/26/2017,Spanish
Before the Throne,2/26/2017,English
Oceans,2/26/2017,English
Eternamente Exaltado,2/26/2017,Spanish
Eres El Camino,3/5/2017,Spanish
Beautiful,3/5/2017,Spanish
By Faith,3/5/2017,English
To You Be The Glory,3/5/2017,English
The Revelation of Jesus Christ,3/5/2017,English
Lead Me To The Cross,3/5/2017,Spanish
Dios Majestuoso,3/12/2017,Spanish
Dame Tus ojos,3/12/2017,Spanish
To You Be The Glory,3/12/2017,English
Sovereign,3/12/2017,English
"Holy, Holy, Holy",3/12/2017,Spanish
Because He Lives (Amen),3/12/2017,English